,type,title,director,country,date_added,release_year,rating,duration_num,duration_type,genre,month_added,year_added
1,Movie,Take Care Good Night,Girish Joshi,India,2021-03-30,2018,13+,110,min,Drama,March,2021
553,TV Show,The Lucy Show,Unknown,United States,2021-03-30,1967,13+,3,Seasons,Comedy,March,2021
1089,TV Show,Scaredy Squirrel,Unknown,United States,2021-03-30,2012,TV-G,4,Seasons,Animation,March,2021
1442,TV Show,Oddbods,Unknown,United States,2021-03-30,2020,ALL,2,Seasons,Animation,March,2021
2096,TV Show,Inspector Manara (English Subtitled),Unknown,United States,2021-03-30,2011,TV-NR,2,Seasons,International,March,2021
2888,TV Show,Chacha Vidhayak Hain Humare,Unknown,United States,2021-03-30,2021,13+,2,Seasons,Comedy,March,2021
3573,TV Show,Yukon Gold,Unknown,United States,2021-04-01,2017,TV-PG,4,Seasons,Unscripted,April,2021
3652,TV Show,Amazon Riders,Unknown,United States,2021-04-01,2018,13+,2,Seasons,Action,April,2021
4329,TV Show,Fortitude,Unknown,United States,2021-04-13,2017,18+,1,Season,Drama,April,2021
4424,TV Show,Word of Honor,Unknown,United States,2021-04-17,2021,18+,2,Seasons,Action,April,2021
4490,TV Show,Ethan The Dump Truck,Unknown,United States,2021-04-20,2019,ALL,2,Seasons,Animation,April,2021
4495,TV Show,Color Crew All About Colors,Unknown,United States,2021-04-20,2018,ALL,4,Seasons,Animation,April,2021
4622,TV Show,Wired Outdoors,Unknown,United States,2021-04-26,2020,13+,1,Season,Action,April,2021
4649,TV Show,Loudermilk,Unknown,United States,2021-04-27,2021,16+,3,Seasons,Comedy,April,2021
4651,TV Show,Bible Land Passages,Unknown,United States,2021-04-27,2018,ALL,2,Seasons,Documentary,April,2021
4724,TV Show,Lupin the 3rd Part 4 (English Dub),Unknown,United States,2021-04-30,2016,13+,2,Seasons,Action,April,2021
4783,TV Show,Foxpro Hunting,Unknown,United States,2021-05-01,2018,13+,1,Season,Sports,May,2021
4989,TV Show,Cruising the Cut,Unknown,United States,2021-05-09,2021,13+,4,Seasons,Documentary,May,2021
5004,TV Show,Troy The Train,Unknown,United States,2021-05-11,2017,ALL,1,Season,Animation,May,2021
5039,TV Show,Pororo Sing Along,Unknown,United States,2021-05-12,2019,ALL,1,Season,Arts,May,2021
5041,TV Show,Last Secrets of the Third Reich,Unknown,United States,2021-05-12,2012,13+,1,Season,Documentary,May,2021
5059,TV Show,Color Crew - All about Colors (Spanish audio),Unknown,United States,2021-05-13,2018,ALL,3,Seasons,Animation,May,2021
5178,TV Show,Nursery Rhymes and Kids Songs by Little Baby Bum,Unknown,United States,2021-05-18,2015,ALL,10,Seasons,Kids,May,2021
5197,TV Show,The Family Man,Unknown,India,2021-05-19,2021,13+,2,Seasons,Action,May,2021
5320,TV Show,Teachers,Unknown,United States,2021-05-22,2004,18+,4,Seasons,Comedy,May,2021
5379,TV Show,Canticos,Unknown,United States,2021-05-24,2020,ALL,3,Seasons,Animation,May,2021
5460,TV Show,Bubble Guppies,Unknown,United States,2021-05-29,2015,TV-Y,3,Seasons,Animation,May,2021
5587,TV Show,Flack,Unknown,United States,2021-06-03,2021,16+,2,Seasons,Comedy,June,2021
5596,TV Show,Crash Canyon,Unknown,United States,2021-06-03,2013,TV-14,2,Seasons,Animation,June,2021
5600,TV Show,Bosch,Unknown,United States,2021-06-03,2021,16+,7,Seasons,Action,June,2021
5630,TV Show,HITOSHI MATSUMOTO Presents Documental,Unknown,United States,2021-06-04,2021,18+,4,Seasons,Comedy,June,2021
5744,TV Show,Making the Cut,Unknown,United States,2021-06-11,2021,13+,2,Seasons,Special Interest,June,2021
5751,TV Show,Billions,Unknown,United States,2021-06-11,2019,TV-MA,4,Seasons,TV Shows,June,2021
5752,TV Show,Being Erica,Unknown,United States,2021-06-11,2009,TV-14,1,Season,Drama,June,2021
5753,TV Show,8 Out Of 10 Cats,Unknown,United States,2021-06-11,2012,16+,2,Seasons,Arts,June,2021
5783,TV Show,Stickin' Around,Unknown,United States,2021-06-12,1998,TV-G,3,Seasons,Animation,June,2021
5855,TV Show,Horseland Season 1,Unknown,United States,2021-06-15,2008,TV-Y7,1,Season,Animation,June,2021
5868,TV Show,Adventures of Paddingon Bear,Unknown,United States,2021-06-15,1998,TV-Y,2,Seasons,Animation,June,2021
5920,TV Show,Sergio Ramos,Unknown,Spain,2021-06-18,2021,16+,2,Seasons,Sports,June,2021
5990,TV Show,HobbyKids Adventures by pocket.watch: The Complete Collection,Unknown,United States,2021-06-20,2019,ALL,2,Seasons,Animation,June,2021
5992,TV Show,The Adventures of Joe Coodryette,Unknown,United States,2021-06-21,2021,7+,1,Season,Animation,June,2021
5993,TV Show,Inside Sportfishing,Unknown,United States,2021-06-21,2021,13+,1,Season,Documentary,June,2021
6009,TV Show,Jamillah & Aladdin,Unknown,United States,2021-06-22,2018,TV-Y7,2,Seasons,Action,June,2021
6025,TV Show,The Border,Unknown,United States,2021-06-23,2009,16+,3,Seasons,Drama,June,2021
6043,TV Show,A Toy Store Near You,Unknown,United States,2021-06-23,2021,TV-14,3,Seasons,Documentary,June,2021
6051,TV Show,Pinkfong! Phonics Songs,Unknown,United States,2021-06-24,2017,ALL,1,Season,Animation,June,2021
6056,TV Show,Jacob Two-Two,Unknown,United States,2021-06-24,2006,TV-Y7,3,Seasons,Animation,June,2021
6059,TV Show,Four Senses,Unknown,United States,2021-06-24,2016,TV-G,2,Seasons,Special Interest,June,2021
6075,TV Show,The Bridge,Unknown,United States,2021-06-25,2014,TV-MA,2,Seasons,Drama,June,2021
6114,TV Show,Portrait Artist of The Year,Unknown,United States,2021-06-26,2007,ALL,3,Seasons,Arts,June,2021
6122,TV Show,Little Charmers,Unknown,United States,2021-06-26,2016,TV-G,2,Seasons,Animation,June,2021
6166,TV Show,Braceface,Unknown,United States,2021-06-29,2004,TV-Y,4,Seasons,Animation,June,2021
6252,TV Show,Britannia,Unknown,United States,2021-07-01,2019,NR,2,Seasons,Drama,July,2021
6294,TV Show,The Hunting Public,Unknown,United States,2021-07-03,2020,13+,4,Seasons,Action,July,2021
6314,TV Show,AnimaCars - Truck and Animal's Adventures,Unknown,United States,2021-07-03,2021,ALL,1,Season,Animation,July,2021
6385,TV Show,El Cid,Unknown,Spain,2021-07-08,2021,16+,2,Seasons,Drama,July,2021
6418,TV Show,Series before 1C onboarding - 2,Unknown,United States,2021-07-12,2021,18+,2,Seasons,Action,July,2021
6488,TV Show,Jane and the Dragon,Unknown,United States,2021-07-16,2006,TV-Y7,2,Seasons,Animation,July,2021
6551,TV Show,Modern Love,Unknown,United States,2021-07-17,2021,16+,2,Seasons,Comedy,July,2021
6567,TV Show,Hostel Daze (4K UHD),Unknown,United States,2021-07-17,2021,16+,2,Seasons,Comedy,July,2021
6568,TV Show,Hostel Daze,Unknown,United States,2021-07-17,2021,16+,2,Seasons,Comedy,July,2021
6592,TV Show,Brain Candy TV - Educational Videos for Kids,Unknown,United States,2021-07-17,2021,ALL,4,Seasons,Kids,July,2021
6658,TV Show,BabyBus - Cartoon for Kids,Unknown,United States,2021-07-20,2018,ALL,2,Seasons,Animation,July,2021
6744,TV Show,Helix Studios Presents,Unknown,United States,2021-07-23,2020,18+,2,Seasons,Comedy,July,2021
6754,TV Show,Babar,Unknown,United States,2021-07-23,2000,TV-Y,4,Seasons,Animation,July,2021
6782,TV Show,Being Ian,Unknown,United States,2021-07-24,2006,TV-G,3,Seasons,Animation,July,2021
6818,TV Show,Oh No! It's An Alien Invasion,Unknown,United States,2021-07-26,2013,TV-G,3,Seasons,Animation,July,2021
6851,TV Show,Kenneth Copeland 2021,Unknown,United States,2021-07-27,2021,TV-G,1,Season,Faith and Spirituality,July,2021
6984,TV Show,"Thomas & Friends 18, 19, 20, 21",Unknown,United States,2021-08-01,2017,TV-Y,4,Seasons,Animation,August,2021
7022,TV Show,KUNTERGRAU,Unknown,United States,2021-08-01,2020,16+,3,Seasons,Drama,August,2021
7036,TV Show,Deadbeat,Unknown,United States,2021-08-01,2015,TV-14,2,Seasons,Comedy,August,2021
7103,TV Show,Nightcap,Unknown,United States,2021-08-04,2017,TV-14,2,Seasons,Comedy,August,2021
7120,TV Show,Dan Vs.,Unknown,United States,2021-08-04,2013,TV-PG,3,Seasons,Animation,August,2021
7149,TV Show,Tales From The Cryptkeeper,Unknown,United States,2021-08-06,1999,TV-G,3,Seasons,Animation,August,2021
7166,TV Show,Love And War,Unknown,United States,2021-08-06,1995,TV-14,1,Season,TV Shows,August,2021
7388,TV Show,Pete the Cat,Unknown,United States,2021-08-14,2021,ALL,8,Seasons,Kids,August,2021
7438,TV Show,Sing Along with Pinkfong & Hogi,Unknown,United States,2021-08-15,2021,ALL,4,Seasons,Animation,August,2021
7470,TV Show,ATN's Tribute to 100 Years of Indian Cinema,Unknown,United States,2021-08-16,2021,ALL,2,Seasons,Documentary,August,2021
7496,TV Show,Drag Heals,Unknown,United States,2021-08-17,2020,TV-14,2,Seasons,Arts,August,2021
7512,TV Show,Ryan's World,Unknown,United States,2021-08-18,2019,ALL,1,Season,TV Shows,August,2021
7519,TV Show,He Who Can't Marry,Unknown,United States,2021-08-18,2019,TV-NR,2,Seasons,Comedy,August,2021
7610,TV Show,Rogue,Unknown,United States,2021-08-21,2017,TV-MA,3,Seasons,Action,August,2021
7649,TV Show,Bill Winston Ministries Draft,Unknown,United States,2021-08-21,2020,TV-G,2,Seasons,Drama,August,2021
7790,TV Show,Packed To The Rafters,Unknown,United States,2021-08-26,2013,13+,5,Seasons,Comedy,August,2021
7811,TV Show,Goliath,Unknown,United States,2021-08-26,2021,TV-MA,4,Seasons,Drama,August,2021
7838,TV Show,RIDE ON TIME,Unknown,United States,2021-08-27,2021,NR,3,Seasons,Documentary,August,2021
7839,TV Show,Paranormal Signs Investigations,Unknown,United States,2021-08-27,2021,16+,2,Seasons,Documentary,August,2021
7856,TV Show,Fernando 4K UHD (Dubbed),Unknown,United States,2021-08-27,2021,7+,2,Seasons,Documentary,August,2021
7857,TV Show,Fernando 4K UHD,Unknown,United States,2021-08-27,2021,7+,2,Seasons,Documentary,August,2021
7858,TV Show,Fernando (Dubbed),Unknown,United States,2021-08-27,2021,7+,2,Seasons,Documentary,August,2021
7859,TV Show,Fernando,Unknown,United States,2021-08-27,2021,7+,2,Seasons,Documentary,August,2021
7907,TV Show,Super Wings,Unknown,United States,2021-08-29,2019,TV-Y,4,Seasons,Animation,August,2021
8071,TV Show,Top Gear (UK),Unknown,United States,2021-09-02,2018,TV-14,15,Seasons,Comedy,September,2021
8260,TV Show,Speak UP: Empower Your Ideas,Unknown,United States,2021-09-04,2021,7+,2,Seasons,Special Interest,September,2021
8437,TV Show,Jungle Beat,Unknown,United States,2021-09-09,2021,ALL,1,Season,Animation,September,2021
8447,TV Show,Bakugan Battle Brawlers,Unknown,United States,2021-09-09,2009,TV-PG,1,Season,Animation,September,2021
8478,TV Show,Big Freedia: Queen of Bounce,Unknown,United States,2021-09-10,2016,TV-14,1,Season,Documentary,September,2021
8490,TV Show,Momo Character Classic,Unknown,United States,2021-09-11,2014,TV-Y,3,Seasons,Animation,September,2021
8507,TV Show,The Carlos Watson Show,Unknown,United States,2021-09-12,2021,16+,2,Seasons,Documentary,September,2021
8541,TV Show,Let's Play Guess What I Am,Unknown,United States,2021-09-14,2015,TV-Y,3,Seasons,Animation,September,2021
8578,TV Show,Momo DIY,Unknown,United States,2021-09-15,2014,TV-Y,5,Seasons,Animation,September,2021
8609,TV Show,Wild & Free: Florianópolis,Unknown,United States,2021-09-17,2021,18+,2,Seasons,International,September,2021
8696,TV Show,Go Buster - Adventures of Go Buster (Made by Little Baby Bum),Unknown,United States,2021-09-17,2020,ALL,7,Seasons,Kids,September,2021
8701,TV Show,"Do, Re & Mi",Unknown,United States,2021-09-17,2021,NR,2,Seasons,Animation,September,2021
8727,TV Show,Act 5 - Series 1,Unknown,United States,2021-09-17,2021,ALL,3,Seasons,Action,September,2021
8739,TV Show,Playtime with Twinkle - Cartoons for Kids (Made by Little Baby Bum),Unknown,United States,2021-09-18,2021,ALL,2,Seasons,Kids,September,2021
8760,TV Show,Act 2 - Series 4,Unknown,United States,2021-09-19,2021,ALL,2,Seasons,Action,September,2021
8761,TV Show,Act 2 - Series 3,Unknown,United States,2021-09-19,2021,ALL,2,Seasons,TV Shows,September,2021
8762,TV Show,Act 2 - Series 2,Unknown,United States,2021-09-19,2021,13+,2,Seasons,Action,September,2021
8798,TV Show,The Cat in the Hat Knows a Lot About That!,Unknown,United States,2021-09-22,2018,TV-G,2,Seasons,Animation,September,2021
8803,TV Show,Preacher,Unknown,United States,2021-09-22,2019,TV-MA,4,Seasons,TV Shows,September,2021
8816,TV Show,Blippi - Blippi's Educational Adventures for Kids,Unknown,United States,2021-09-22,2020,ALL,5,Seasons,Kids,September,2021
8871,TV Show,Savage X Fenty Show,Unknown,United States,2021-09-25,2021,16+,3,Seasons,Unscripted,September,2021
8875,TV Show,Jessy & Nessy,Unknown,United States,2021-09-25,2021,TV-G,4,Seasons,Kids,September,2021
8889,TV Show,Toddler Fun Learning - Educational Videos for Kids,Unknown,United States,2021-09-26,2021,ALL,3,Seasons,Kids,September,2021
8890,TV Show,"This is Paris, 50 years of passion",Unknown,United States,2021-09-26,2021,TV-NR,2,Seasons,Sports,September,2021
8903,TV Show,Digley & Dazey - Vehicle Cartoons for Kids (Made by Little Baby Bum),Unknown,United States,2021-09-26,2021,ALL,3,Seasons,Kids,September,2021
8905,TV Show,CoComelon - Kids Songs and Nursery Rhymes,Unknown,United States,2021-09-26,2021,ALL,11,Seasons,Kids,September,2021
8971,TV Show,You Are Wanted,Unknown,United States,2021-09-29,2018,13+,2,Seasons,Drama,September,2021
8977,TV Show,My Magic Pet Morphle - Adventures of Mila & Morphle,Unknown,United States,2021-09-29,2021,ALL,14,Seasons,Animation,September,2021
9035,TV Show,Alf: The Animated Series,Unknown,United States,2021-09-30,1988,TV-Y,1,Season,Animation,September,2021
9162,TV Show,LEGO Monkie Kid - US,Unknown,United States,2021-10-01,2021,TV-Y7,1,Season,Action,October,2021
9170,TV Show,Judge Faith,Unknown,United States,2021-10-01,2016,TV-PG,2,Seasons,Documentary,October,2021
9280,TV Show,Travel Man: 48 Hours in...,Unknown,United States,2021-10-02,2018,13+,7,Seasons,Action,October,2021
9304,TV Show,Rupert,Unknown,United States,2021-10-02,1995,TV-G,2,Seasons,Animation,October,2021
9321,TV Show,If You Give a Mouse a Cookie,Unknown,United States,2021-10-02,2021,ALL,10,Seasons,Kids,October,2021
9338,TV Show,Di-Gata Defenders,Unknown,United States,2021-10-02,2008,TV-G,4,Seasons,Action,October,2021
9362,TV Show,This is Us,Unknown,United States,2021-10-03,2020,16+,4,Seasons,TV Shows,October,2021
9371,TV Show,Startup,Unknown,United States,2021-10-03,2016,18+,3,Seasons,TV Shows,October,2021
9393,TV Show,Two and a Half Men,Unknown,United States,2021-10-04,2015,TV-NR,11,Seasons,Comedy,October,2021
9401,TV Show,Supermansion,Unknown,United States,2021-10-05,2019,TV-NR,3,Seasons,Animation,October,2021
9416,TV Show,Tomorrow's Joe 2 (Original Japanese Audio),Unknown,United States,2021-10-06,1981,13+,2,Seasons,Anime,October,2021
9508,TV Show,Go Buster - Classic Nursery Rhymes & Songs (Made by Little Baby Bum),Unknown,United States,2021-10-07,2021,ALL,5,Seasons,Kids,October,2021
9511,TV Show,Cocomelon American Sign Language - Cartoons for Kids,Unknown,United States,2021-10-07,2019,ALL,3,Seasons,Kids,October,2021
9529,TV Show,The Ambassador,Unknown,United States,2021-10-08,1998,13+,2,Seasons,Drama,October,2021
9537,TV Show,Pan y Circo,Unknown,United States,2021-10-08,2021,7+,2,Seasons,Special Interest,October,2021
9546,TV Show,Hidden Villages,Unknown,United States,2021-10-08,2016,ALL,2,Seasons,Documentary,October,2021
9635,TV Show,Pokémon the Series: Diamond and Pearl,Unknown,United States,2021-10-10,2011,ALL,12,Seasons,Animation,October,2021
9642,TV Show,Lunkerville,Unknown,United States,2021-10-10,2021,13+,2,Seasons,Documentary,October,2021
9647,TV Show,Kids In The Hall,Unknown,United States,2021-10-10,1995,TV-14,5,Seasons,Arts,October,2021
